Segment,Recency,Frequency,Monetary
Champions,12.667578659370726,7.799589603283174,3924.8096169630644
At Risk,53.91660777385159,3.421201413427562,1419.743922261484
Lost,207.88919860627178,2.0689895470383277,756.0933449477352
